{
  "train_losses": [
    0.01617084495989449,
    0.007761412603611982,
    0.0077149525077459405,
    0.0073704697179050056,
    0.006786424778226128,
    0.006885069870223949,
    0.0065081678842279595,
    0.006690625457933603,
    0.006460656538509976,
    0.006494882411272973,
    0.0061870209011455745,
    0.0060642396292820925,
    0.005875164809364709,
    0.0060729015481721,
    0.006076736617618306,
    0.005959043808787961,
    0.006142599715636636,
    0.005814163934565519,
    0.005776742364186056,
    0.005765716237963003,
    0.0055573923340831895,
    0.0058484667487445395,
    0.005776985393898126,
    0.005571408262009748,
    0.005550246626680012,
    0.00577983884034701,
    0.005746868209856366,
    0.005408346387077835,
    0.005345878058430476,
    0.005143148895563688,
    0.005254912100935903,
    0.005120751983187776,
    0.005341962117728008,
    0.00527983971097687,
    0.005575195120556592,
    0.0048960811544430365,
    0.005311209301335425,
    0.005285400029829274,
    0.005043485247511334,
    0.0051189440220326555,
    0.0053737486859088525,
    0.005030920684780064,
    0.004798268318911076,
    0.005260725703525751,
    0.00499510303818422,
    0.0048142542584943765,
    0.0050810378639544115,
    0.004988799869280238,
    0.005234504737730835,
    0.004964002532959076,
    0.005105990548648168,
    0.004936033904332573,
    0.00493884122435794,
    0.005048324809123197,
    0.004829102870516605,
    0.0047020787467104835,
    0.00487850204902359,
    0.004636267519738141,
    0.004858931172060089,
    0.004904113865184454,
    0.004867287947065271,
    0.004792396198450159,
    0.004891793642643104,
    0.004571828648936583,
    0.004589960315531669,
    0.0047146935914265135,
    0.0045956045983641435,
    0.004590638804178635,
    0.004673402479941125,
    0.004775205372616805,
    0.004785827530621369,
    0.004682352943160045,
    0.00484700111390287,
    0.004399048067141271,
    0.004835325539302471
  ],
  "val_losses": [
    0.008234276878873783,
    0.006788626029804808,
    0.0066433460731712135,
    0.006443659256246381,
    0.006435731330273092,
    0.006041422332905422,
    0.0063347561244378025,
    0.006131421123320285,
    0.006422588308899885,
    0.005585517846413042,
    0.006413720228020542,
    0.005787454368924252,
    0.0061728308574792575,
    0.0062412065145346935,
    0.005679255032566266,
    0.005926231952960586,
    0.005086491764293951,
    0.005051338528486199,
    0.005838342581762055,
    0.005350546733058859,
    0.006207816637649197,
    0.005229551212444004,
    0.005910450550759667,
    0.005829644659608677,
    0.005560426287661906,
    0.005557410441506005,
    0.005732902661466459,
    0.005159345109723981,
    0.005474206839111481,
    0.005800132272678288,
    0.005596611754396095,
    0.004969627179725583,
    0.005905849190856866,
    0.005775812409369268,
    0.005585590589066405,
    0.005722701689020833,
    0.005531999910573023,
    0.004992151780300043,
    0.0052722902247890726,
    0.005169567330817053,
    0.005537019710820973,
    0.005198752680053604,
    0.005428761561843422,
    0.005515901572508256,
    0.005355036645184885,
    0.005554758417549027,
    0.0059457179747724265,
    0.0053447286554952145,
    0.005461557445615005,
    0.004902520123545777,
    0.005249835614662641,
    0.0056340038513752865,
    0.0063095340968665255,
    0.00582859310063849,
    0.005867459959700341,
    0.005611564067803849,
    0.005754930068228902,
    0.005302060303578379,
    0.0056510504519017065,
    0.005639434825445052,
    0.0050611325987571015,
    0.005488110619231476,
    0.005706533813797678,
    0.005157630230283795,
    0.0056065883930531595,
    0.00589672053046033,
    0.00561670107909249,
    0.005895164353039667,
    0.005055541891462563,
    0.006223496185236519,
    0.006222073316614075,
    0.0058390463604056884,
    0.006034412495729345,
    0.005730285174462969,
    0.005387592768522375
  ],
  "val_loss_epochs": [
    0,
    1,
    2,
    3,
    4,
    5,
    6,
    7,
    8,
    9,
    10,
    11,
    12,
    13,
    14,
    15,
    16,
    17,
    18,
    19,
    20,
    21,
    22,
    23,
    24,
    25,
    26,
    27,
    28,
    29,
    30,
    31,
    32,
    33,
    34,
    35,
    36,
    37,
    38,
    39,
    40,
    41,
    42,
    43,
    44,
    45,
    46,
    47,
    48,
    49,
    50,
    51,
    52,
    53,
    54,
    55,
    56,
    57,
    58,
    59,
    60,
    61,
    62,
    63,
    64,
    65,
    66,
    67,
    68,
    69,
    70,
    71,
    72,
    73,
    74
  ],
  "train_loss_epochs": [
    0,
    1,
    2,
    3,
    4,
    5,
    6,
    7,
    8,
    9,
    10,
    11,
    12,
    13,
    14,
    15,
    16,
    17,
    18,
    19,
    20,
    21,
    22,
    23,
    24,
    25,
    26,
    27,
    28,
    29,
    30,
    31,
    32,
    33,
    34,
    35,
    36,
    37,
    38,
    39,
    40,
    41,
    42,
    43,
    44,
    45,
    46,
    47,
    48,
    49,
    50,
    51,
    52,
    53,
    54,
    55,
    56,
    57,
    58,
    59,
    60,
    61,
    62,
    63,
    64,
    65,
    66,
    67,
    68,
    69,
    70,
    71,
    72,
    73,
    74
  ],
  "metrics_history": {
    "0": {
      "mae": 0.3696141541004181,
      "ssim": 0.3586258590221405,
      "psnr": 7.090439793627396
    },
    "9": {
      "mae": 0.13068898022174835,
      "ssim": 0.5160648226737976,
      "psnr": 15.027248271531233
    },
    "19": {
      "mae": 0.08042825758457184,
      "ssim": 0.6469558477401733,
      "psnr": 18.31395773184499
    },
    "29": {
      "mae": 0.0697970986366272,
      "ssim": 0.6361703276634216,
      "psnr": 19.046762863712797
    },
    "39": {
      "mae": 0.06830280274152756,
      "ssim": 0.6430609226226807,
      "psnr": 19.142058068607078
    },
    "49": {
      "mae": 0.07268504798412323,
      "ssim": 0.6481460332870483,
      "psnr": 19.27508856363017
    },
    "59": {
      "mae": 0.07232033461332321,
      "ssim": 0.6550151109695435,
      "psnr": 19.339940609023117
    },
    "69": {
      "mae": 0.0699414312839508,
      "ssim": 0.6482356786727905,
      "psnr": 19.111696509380522
    }
  }
}