{
  "n_subjects": 62,
  "mae": {
    "mean": 0.03901722378107444,
    "std": 0.006897207817325084,
    "per_subject": [
      0.03769626802600482,
      0.04007690180750454,
      0.0396283775129739,
      0.02859359760494793,
      0.04338140827086237,
      0.02770762172911097,
      0.04573529027402401,
      0.04071568385423983,
      0.032413135830532104,
      0.03618704127695631,
      0.04264167071703602,
      0.05329788563882604,
      0.04453051342245411,
      0.03315278176556934,
      0.04207030333140317,
      0.033849886015934104,
      0.03602419617144685,
      0.03958305618725717,
      0.045888801817508304,
      0.05687471940403893,
      0.04354506739903064,
      0.044692628304747975,
      0.04271741764729514,
      0.03773190727566972,
      0.046556296977488434,
      0.03590001505525673,
      0.04411859646001283,
      0.03393623955986079,
      0.03148262393905928,
      0.040869605949237234,
      0.03348945892032455,
      0.033703060155468326,
      0.02588453861501287,
      0.03597331912640263,
      0.04275272291545805,
      0.0365860481363009,
      0.0383891178981254,
      0.04500048782895593,
      0.041096534668689684,
      0.04061279703109037,
      0.04630087688565254,
      0.0466501719373114,
      0.048036011524106324,
      0.028873563360641983,
      0.04067854479783111,
      0.03869595378637314,
      0.054014832657926226,
      0.032687885905889905,
      0.035254164927584285,
      0.040312511092495354,
      0.0507139102281893,
      0.04839297472254226,
      0.03288465080892339,
      0.030622055425363427,
      0.02695356758640093,
      0.03806276701609878,
      0.04379475067424424,
      0.03645119920153828,
      0.028658060576109326,
      0.033268037964315975,
      0.030521479873534513,
      0.03215227895142401
    ]
  },
  "ssim": {
    "mean": 0.815700367427812,
    "std": 0.04534893903944628,
    "per_subject": [
      0.8051284376312705,
      0.8405301097561332,
      0.8300397571395425,
      0.8753256552359637,
      0.8019999315341314,
      0.8890045232632581,
      0.7628986204371733,
      0.8034016332205605,
      0.8341820888659534,
      0.8383009977200452,
      0.7752176084939171,
      0.7427794933319092,
      0.7866802741499508,
      0.8699457862160422,
      0.8129352576592389,
      0.8546763588400448,
      0.8457204934797788,
      0.7884036645293235,
      0.7534593361265519,
      0.7588026438440595,
      0.7727891689255124,
      0.7632864170214709,
      0.8208423134158639,
      0.8172265974914327,
      0.7623084818615633,
      0.8073635241564583,
      0.751505476586959,
      0.8339330659193152,
      0.8605515078494423,
      0.8219248765990848,
      0.8632788850980646,
      0.8529972320511228,
      0.8842800382305595,
      0.8675241189844468,
      0.7802895605564117,
      0.8061829349573921,
      0.8338658652807537,
      0.8249673843383789,
      0.835992557661874,
      0.7913488107068198,
      0.7432406877770144,
      0.7426662480129915,
      0.7786745680005926,
      0.8756892383098602,
      0.7727934386995103,
      0.8416428320548114,
      0.666819221833173,
      0.8429733707624323,
      0.8282148873104769,
      0.8039070765177408,
      0.7540585819412681,
      0.7713586672356254,
      0.8687156754381516,
      0.8679596325930428,
      0.8726666008724886,
      0.8275157949503731,
      0.8389981862376718,
      0.8121454680667204,
      0.8734392103026895,
      0.861701116842382,
      0.85514215686742,
      0.8512086307301241
    ]
  },
  "bias": {
    "mean": -0.0014530216050168796,
    "std": 0.00805724983818812,
    "per_subject": [
      -0.003402486404143822,
      -0.008839630955395372,
      0.01119265313301345,
      -0.0025566644411917556,
      -0.0014918811373516088,
      -0.0007621960334397634,
      -0.014898567388573772,
      0.013747581563246273,
      0.00022988889341992464,
      0.010106831039165091,
      -0.002055106810921777,
      0.018852562868714277,
      0.00295866493252106,
      -3.232454500076446e-05,
      -0.013407200872547143,
      0.002600914386087371,
      -0.00627715463480471,
      -0.006133602046611486,
      0.0010330625035053613,
      0.0021520964621144925,
      0.003974606358193948,
      -2.9392486955176163e-05,
      0.005306793481716287,
      0.002371128428956795,
      -0.020422362106140044,
      -0.0018128590836568037,
      -0.0009942291037398664,
      -0.00511740573668195,
      -0.00019095284101479737,
      -0.004394556714465753,
      0.008907698526266305,
      0.0003828475822783297,
      -0.002638770532725817,
      -0.013642716947395135,
      -9.923811471947519e-06,
      -0.002241485724773477,
      0.0025060734670229352,
      0.003637364992755465,
      -0.005772806882825015,
      0.004569207981971669,
      -0.011341784880428082,
      -0.005679657389170162,
      -0.01566301455329123,
      -0.008371502253473462,
      0.002489169817299289,
      0.0075255523594986535,
      -0.020949302001527566,
      -0.006718205704066136,
      -0.005966016077710425,
      0.0020522875108456773,
      0.018425910196075326,
      0.012868059737803904,
      -0.005636390552835484,
      -0.009390684936935192,
      -0.00302808871235945,
      -0.013455278493518777,
      -0.0026394266272237632,
      -0.0021990678407532603,
      -0.0019067637164399082,
      -0.0009851960306096932,
      -0.0010707332827651578,
      0.004147094561417094
    ]
  }
}