{
  "mae": {
    "mean": 0.033540784471458,
    "std": 0.008514317831571767,
    "per_slice": [
      0.036044955253601074,
      0.023529037833213806,
      0.03395434096455574,
      0.02620430290699005,
      0.04044559970498085,
      0.021295342594385147,
      0.042426906526088715,
      0.04993879422545433,
      0.034682415425777435,
      0.029712852090597153,
      0.05329456180334091,
      0.0417555570602417,
      0.051188644021749496,
      0.02828851528465748,
      0.03827043995261192,
      0.02344750426709652,
      0.030340218916535378,
      0.02720491774380207,
      0.03756439685821533,
      0.05530045926570892,
      0.04123497009277344,
      0.0400775745511055,
      0.042335912585258484,
      0.030637670308351517,
      0.028944524005055428,
      0.027049146592617035,
      0.03800533339381218,
      0.027049392461776733,
      0.026025505736470222,
      0.03274280205368996,
      0.02605489082634449,
      0.026113096624612808,
      0.02504056692123413,
      0.028212174773216248,
      0.03676567226648331,
      0.023058950901031494,
      0.03282506391406059,
      0.0347997210919857,
      0.03844495117664337,
      0.03575916215777397,
      0.03295097127556801,
      0.04513438791036606,
      0.047274067997932434,
      0.026918821036815643,
      0.028592349961400032,
      0.032021790742874146,
      0.05652801692485809,
      0.034530650824308395,
      0.01853005401790142,
      0.03246529772877693,
      0.04084157943725586,
      0.033071119338274,
      0.029413949698209763,
      0.02690928243100643,
      0.02690812014043331,
      0.03338149935007095,
      0.03284221887588501,
      0.031941141933202744,
      0.02171170897781849,
      0.025419069454073906,
      0.027624187991023064,
      0.028451506048440933
    ]
  },
  "mean_pixel_var": {
    "mean": 0.0019846129740002535,
    "std": 0.0006516272741369253,
    "per_slice": [
      0.0025707038585096598,
      0.0014334439765661955,
      0.0025514704175293446,
      0.001511428039520979,
      0.002420988166704774,
      0.001383138820528984,
      0.0021861433051526546,
      0.003201370360329747,
      0.0022507610265165567,
      0.0012029302306473255,
      0.003988111391663551,
      0.0013950857101008296,
      0.002493828535079956,
      0.0018416281091049314,
      0.0022031047847121954,
      0.001486132969148457,
      0.001855411916039884,
      0.0018077364657074213,
      0.0024457895196974277,
      0.003673553466796875,
      0.0019770560320466757,
      0.003221815684810281,
      0.0021602704655379057,
      0.001119883032515645,
      0.000724430603440851,
      0.0013163667172193527,
      0.003023651195690036,
      0.0016489507397636771,
      0.0016120942309498787,
      0.0027900398708879948,
      0.0017694121925160289,
      0.0012533502886071801,
      0.001976720290258527,
      0.001508563756942749,
      0.0018868582556024194,
      0.0012574640568345785,
      0.0025618812069296837,
      0.0018648263067007065,
      0.0026039748918265104,
      0.0023497925139963627,
      0.001124373055063188,
      0.0028761078137904406,
      0.002354472177103162,
      0.0019161723321303725,
      0.0019034501165151596,
      0.0029012367594987154,
      0.0019267663592472672,
      0.0015237616607919335,
      0.0011862938990816474,
      0.0019195597851648927,
      0.001877149217762053,
      0.0021383874118328094,
      0.001537624280899763,
      0.001244732178747654,
      0.0014936900697648525,
      0.001081413240171969,
      0.0024140223395079374,
      0.0020810356363654137,
      0.001428958959877491,
      0.0017612806987017393,
      0.001836998388171196,
      0.001988354604691267
    ]
  },
  "corr_var_vs_mae": 0.6742874125767606,
  "subject_ids": [
    0,
    1,
    2,
    3,
    4,
    5,
    6,
    7,
    8,
    9,
    10,
    11,
    12,
    13,
    14,
    15,
    16,
    17,
    18,
    19,
    20,
    21,
    22,
    23,
    24,
    25,
    26,
    27,
    28,
    29,
    30,
    31,
    32,
    33,
    34,
    35,
    36,
    37,
    38,
    39,
    40,
    41,
    42,
    43,
    44,
    45,
    46,
    47,
    48,
    49,
    50,
    51,
    52,
    53,
    54,
    55,
    56,
    57,
    58,
    59,
    60,
    61
  ],
  "num_inference_steps": 1000,
  "n_samples": 20,
  "scheduler": "ddpm",
  "n_batches": 4
}