{
  "n_subjects": 62,
  "mae": {
    "mean": 0.03948674523885026,
    "std": 0.0070822107221929454,
    "per_subject": [
      0.03779713919057565,
      0.040366701781749725,
      0.03929192014038563,
      0.027870216242530766,
      0.04302278357661433,
      0.027630511890439427,
      0.045627761632204056,
      0.04412861398476012,
      0.03332974005709676,
      0.03637639460537363,
      0.04293260296039721,
      0.055370710680589956,
      0.04540433471693712,
      0.03220328942618587,
      0.041576409712433815,
      0.03617203509544625,
      0.03628291003406048,
      0.039414017600938676,
      0.046656685388263536,
      0.05705634637602738,
      0.04530576456870351,
      0.04608460110338295,
      0.04302877100074992,
      0.0387847182505271,
      0.04531571614172529,
      0.03721311787033782,
      0.04729458810213734,
      0.032441502436995506,
      0.034018197636071,
      0.040591085994882245,
      0.03275210174786694,
      0.033960676352892606,
      0.027068673413904273,
      0.035544674460063964,
      0.04600679746976024,
      0.03719925491467995,
      0.03764863773004005,
      0.046638888690401524,
      0.041401491101299016,
      0.043265441255200474,
      0.04554063936366754,
      0.04793194692362757,
      0.0473783447554237,
      0.02857343918260406,
      0.041380871984141844,
      0.04065641196554198,
      0.05321921714965035,
      0.03274447525687078,
      0.03537214284434038,
      0.04194733997186025,
      0.053109882509007174,
      0.04585768400054229,
      0.03305608817540547,
      0.02967843391439494,
      0.02762984626871698,
      0.03795307535020744,
      0.04275231413981494,
      0.03634227122015813,
      0.029062790796160698,
      0.034843417870647764,
      0.030857297591865063,
      0.032214448239435166
    ]
  },
  "ssim": {
    "mean": 0.8134595669206736,
    "std": 0.04586432196858323,
    "per_subject": [
      0.803226872402079,
      0.836173250394709,
      0.8328607695944169,
      0.8776711698840646,
      0.7952054457532035,
      0.8859042683068443,
      0.761191289214527,
      0.7996259559603298,
      0.8334485783296472,
      0.8400547977756051,
      0.7754102682366091,
      0.7410352475502912,
      0.7840208831955405,
      0.8734043457291343,
      0.816019694594776,
      0.846150724326863,
      0.8438579832252703,
      0.7893514573574066,
      0.751287670696483,
      0.753820463305428,
      0.768457368725822,
      0.7578588145620683,
      0.823852968566558,
      0.8109230662093443,
      0.7571982338148004,
      0.8075854883474463,
      0.7370255677139058,
      0.8364438922966227,
      0.8551181931244699,
      0.8171443953400567,
      0.866819895365659,
      0.8517010368051983,
      0.8820542202276342,
      0.8660727283533882,
      0.7662611274342788,
      0.8049014333416434,
      0.8410085110287917,
      0.8181347741800196,
      0.8354970713456472,
      0.7881470549674261,
      0.7476888754788567,
      0.737331195789225,
      0.7756839833761516,
      0.8728774698341594,
      0.7687452082280759,
      0.8303099274635315,
      0.6676325815565446,
      0.8411191544112038,
      0.824141321813359,
      0.7982526166098458,
      0.7531574193169089,
      0.7816060405028494,
      0.8656580202719745,
      0.8692773510428036,
      0.8666005327421076,
      0.816683243302738,
      0.8364389030372396,
      0.8148631190552431,
      0.8716940634390887,
      0.8562528964351205,
      0.85202415024533,
      0.8545280975453994
    ]
  },
  "bias": {
    "mean": 0.0017029082276851693,
    "std": 0.0076265608745875214,
    "per_subject": [
      -0.0006915455613874228,
      -0.0019138842780033454,
      0.011263437614081126,
      -0.0013785687341998495,
      0.0018362447929879029,
      -0.0018756000367027487,
      -0.011614159557639676,
      0.0175617792068378,
      0.004736063757103265,
      0.01172100888181697,
      0.004596023381215192,
      0.021228990726419452,
      0.007262417960994165,
      0.001335595570377667,
      -0.011910850873819608,
      0.004541859378257547,
      -0.0030250131070428516,
      0.0006314072721579578,
      0.004037828009827268,
      -0.0011232787479197473,
      0.00843509531668609,
      0.0031206006328027476,
      0.006289315760916318,
      0.006989633881055531,
      -0.014947614303844817,
      0.0033630113149924644,
      0.002981952028194963,
      -0.004986603255982867,
      0.004682263957204812,
      -0.004438235564088072,
      0.0072901032056988165,
      0.0027562974454277927,
      0.0013677035586785197,
      -0.01063801090041285,
      0.008348504362450177,
      0.0061739130452384845,
      0.0024778132545562634,
      0.002846523475347888,
      -0.005078603038869221,
      0.011952000731114475,
      -0.00847296041833675,
      -0.00197127437679549,
      -0.009212346056923898,
      -0.004379377125159782,
      0.006536361757820554,
      0.008646343019790947,
      -0.010354004597448854,
      -0.002581364028575241,
      -0.0026965396126102216,
      0.008934556358283208,
      0.025093516512938282,
      0.009272197573935907,
      -0.005254278272760156,
      -0.0040889533359886095,
      0.0027654547516516794,
      -0.006648145743383793,
      -0.001573189807994127,
      0.0005942086448639576,
      0.0008808994491974933,
      -0.00430590210324975,
      0.0013057330304624937,
      0.006883953934234074
    ]
  }
}