{
  "mae": {
    "mean": 0.033898420211288235,
    "std": 0.00855662959624473,
    "per_slice": [
      0.0396786592900753,
      0.023150049149990082,
      0.034871675074100494,
      0.026260577142238617,
      0.03896960988640785,
      0.020825853571295738,
      0.04127777740359306,
      0.05340048670768738,
      0.03520645946264267,
      0.028520507737994194,
      0.049479540437459946,
      0.04377139359712601,
      0.04319886863231659,
      0.02736303210258484,
      0.03732360899448395,
      0.027740629389882088,
      0.030710851773619652,
      0.028512710705399513,
      0.036249954253435135,
      0.05715373903512955,
      0.044603053480386734,
      0.04239701107144356,
      0.04282769188284874,
      0.03094264306128025,
      0.02433733455836773,
      0.027436546981334686,
      0.03974563255906105,
      0.025312934070825577,
      0.028327131643891335,
      0.03379223495721817,
      0.028126906603574753,
      0.025570513680577278,
      0.02755727991461754,
      0.02612263336777687,
      0.04359644651412964,
      0.02415594644844532,
      0.03265335410833359,
      0.035814348608255386,
      0.03918709605932236,
      0.035958144813776016,
      0.03327411413192749,
      0.046894948929548264,
      0.04928448796272278,
      0.02677796222269535,
      0.030491070821881294,
      0.03530752658843994,
      0.05440766364336014,
      0.032858289778232574,
      0.01862095296382904,
      0.03164132311940193,
      0.04203822463750839,
      0.02953295037150383,
      0.031481049954891205,
      0.025180716067552567,
      0.027609270066022873,
      0.032463189214468,
      0.032875362783670425,
      0.0320952832698822,
      0.021560095250606537,
      0.028945771977305412,
      0.027858873829245567,
      0.028372056782245636
    ]
  },
  "mean_pixel_var": {
    "mean": 0.0019698832484502946,
    "std": 0.0006842949435465534,
    "per_slice": [
      0.0030174218118190765,
      0.0014442475512623787,
      0.0019137597410008311,
      0.0015380060067400336,
      0.002708924002945423,
      0.0014730822294950485,
      0.0029773032292723656,
      0.0030701998621225357,
      0.0021736829075962305,
      0.0011824171524494886,
      0.004044456407427788,
      0.001697695697657764,
      0.001988273346796632,
      0.001574397669173777,
      0.0018243527738377452,
      0.0014360265340656042,
      0.0015918288845568895,
      0.001572899054735899,
      0.0022325252648442984,
      0.0035915945190936327,
      0.0020655749831348658,
      0.0034143845550715923,
      0.0023116106167435646,
      0.001557344337925315,
      0.0006476845592260361,
      0.001323179923929274,
      0.0029906148556619883,
      0.0012951769167557359,
      0.0016837816219776869,
      0.00279655447229743,
      0.0013774643884971738,
      0.0014220366720110178,
      0.0017614491516724229,
      0.001272593974135816,
      0.0020674800034612417,
      0.001350293168798089,
      0.001968161202967167,
      0.0018695733742788434,
      0.0024288513232022524,
      0.002529335906729102,
      0.0011012295726686716,
      0.003008624305948615,
      0.0026606800965964794,
      0.0018489095382392406,
      0.001666252501308918,
      0.002958319615572691,
      0.0026568949688225985,
      0.001953422324731946,
      0.001135503756813705,
      0.0017647386994212866,
      0.001875420450232923,
      0.0015914144460111856,
      0.00168533343821764,
      0.001226808992214501,
      0.0014861064264550805,
      0.0010511147556826472,
      0.0023501627147197723,
      0.0018743849359452724,
      0.0013982431264594197,
      0.0017410014988854527,
      0.002072232076898217,
      0.0018397225067019463
    ]
  },
  "corr_var_vs_mae": 0.7821918383861292,
  "subject_ids": [
    0,
    1,
    2,
    3,
    4,
    5,
    6,
    7,
    8,
    9,
    10,
    11,
    12,
    13,
    14,
    15,
    16,
    17,
    18,
    19,
    20,
    21,
    22,
    23,
    24,
    25,
    26,
    27,
    28,
    29,
    30,
    31,
    32,
    33,
    34,
    35,
    36,
    37,
    38,
    39,
    40,
    41,
    42,
    43,
    44,
    45,
    46,
    47,
    48,
    49,
    50,
    51,
    52,
    53,
    54,
    55,
    56,
    57,
    58,
    59,
    60,
    61
  ],
  "num_inference_steps": 1000,
  "n_samples": 20,
  "scheduler": "ddpm",
  "n_batches": 4
}